project,tag
carmen-mola,book
carmen-mola,print
carmen-mola,photoshop
carmen-mola,publishing
dcerina-kletba,book
dcerina-kletba,print
dcerina-kletba,photoshop
dcerina-kletba,publishing
finepack-print,print
hotel-atlantic,book
hotel-atlantic,print
hotel-atlantic,photoshop
hotel-atlantic,publishing
jules-wake,book
jules-wake,illustration
jules-wake,print
jules-wake,photoshop
jules-wake,publishing
kniha-kterou,book
kniha-kterou,illustration
kniha-kterou,print
kniha-kterou,photoshop
kniha-kterou,publishing
muj-bratr,book
muj-bratr,print
muj-bratr,photoshop
muj-bratr,publishing
prazacka,book
prazacka,illustration
prazacka,print
prazacka,photoshop
prazacka,publishing
schovavana,book
schovavana,print
schovavana,photoshop
schovavana,publishing
year-in-review,web
zichovec,web