project,url,ordering,visible
carmen-mola,https://res.cloudinary.com/dl7e6e4ic/image/upload/q_auto/f_auto/v1780044663/purpurova-sit-listy_tdvoky.jpg,4,1
carmen-mola,https://res.cloudinary.com/dl7e6e4ic/image/upload/q_auto/f_auto/v1780044660/obrad-worms_s3qaim.jpg,2,1
carmen-mola,https://res.cloudinary.com/dl7e6e4ic/image/upload/q_auto/f_auto/v1780044672/19_lwrj9t.png,3,1
carmen-mola,https://res.cloudinary.com/dl7e6e4ic/image/upload/q_auto/f_auto/v1780044692/carmen-mola-hrbety_srj4zk.jpg,1,0
decks,https://res.cloudinary.com/dl7e6e4ic/image/upload/q_auto/f_auto/v1780263129/mcp-screen_gh60yt.png,6,1
decks,https://res.cloudinary.com/dl7e6e4ic/image/upload/q_auto/f_auto/v1780263127/thankyou-screen_klstly.png,2,1
decks,https://res.cloudinary.com/dl7e6e4ic/image/upload/v1780263126/takeaways-screen_cdlwxn.png,5,1
decks,https://res.cloudinary.com/dl7e6e4ic/image/upload/q_auto/f_auto/v1780263126/speakers-screen_h32x7t.png,4,1
decks,https://res.cloudinary.com/dl7e6e4ic/image/upload/q_auto/f_auto/v1780263125/roundtable-screen_uecetr.png,3,1
finepack-brand,https://res.cloudinary.com/dl7e6e4ic/image/upload/q_auto/f_auto/v1780260465/finepack-brand-banner_4_qhho70.png,4,1
finepack-brand,https://res.cloudinary.com/dl7e6e4ic/image/upload/q_auto/f_auto/v1780260464/finepack-brand-banner_3_expup2.png,5,1
finepack-brand,https://res.cloudinary.com/dl7e6e4ic/image/upload/q_auto/f_auto/v1780260466/finepack-brand-banner_5_gcc3gd.png,,0
finepack-brand,https://res.cloudinary.com/dl7e6e4ic/image/upload/q_auto/f_auto/v1780260466/finepack-brand-banner_6_iaww9h.png,3,1
finepack-brand,https://res.cloudinary.com/dl7e6e4ic/image/upload/q_auto/f_auto/v1780260468/finepack-brand-banner_2_ugwcny.png,2,1
finepack-brand,https://res.cloudinary.com/dl7e6e4ic/image/upload/q_auto/f_auto/v1780260468/finepack-brand-banner_1_jnonbb.png,,0
finepack-print,https://res.cloudinary.com/dl7e6e4ic/image/upload/q_auto/f_auto/v1780259988/finepack-print-2_nsti6g.png,,1
hotel-atlantic,https://res.cloudinary.com/dl7e6e4ic/image/upload/q_auto/f_auto/v1780667025/hotel_atlantic_cover_s_ottgzh.jpg,2,1
hotel-atlantic,https://res.cloudinary.com/dl7e6e4ic/image/upload/q_auto/f_auto/v1780667629/hotel-atlantic-ceskyrozhlas_jgaiwo.jpg,1,1
icon-redesign,https://res.cloudinary.com/dl7e6e4ic/image/upload/v1780825011/icon-before-after_s9xolx.png,5,1
icon-redesign,https://res.cloudinary.com/dl7e6e4ic/image/upload/q_auto/f_auto/v1780825007/icons-descriptions_isczdo.png,4,1
icon-redesign,https://res.cloudinary.com/dl7e6e4ic/image/upload/q_auto/f_auto/v1780659322/icons-image-1_whzrk0.png,3,1
icon-redesign,https://res.cloudinary.com/dl7e6e4ic/image/upload/q_auto/f_auto/v1780659322/icons-image-2-1_orcrfz.png,2,1
icon-redesign,https://res.cloudinary.com/dl7e6e4ic/image/upload/q_auto/f_auto/v1780659322/icons-image-2_bswved.png,1,1
jules-wake,https://res.cloudinary.com/dl7e6e4ic/image/upload/q_auto/f_auto/v1780668285/jules-wake-italie_g5s4cx.png,3,1
jules-wake,https://res.cloudinary.com/dl7e6e4ic/image/upload/q_auto/f_auto/v1780668286/jules-wake-londyn_l6x6v9.png,2,1
jules-wake,https://res.cloudinary.com/dl7e6e4ic/image/upload/q_auto/f_auto/v1780668289/jules-wake-riviera_xkfa53.png,1,1
kniha-kterou,https://res.cloudinary.com/dl7e6e4ic/image/upload/q_auto/f_auto/v1780667028/kniha_kterou_posypal_s_zlrnjs.jpg,2,1
kniha-kterou,https://res.cloudinary.com/dl7e6e4ic/image/upload/q_auto/f_auto/v1780825026/kniha-kterou-linkedin_mfud9f.jpg,1,1
muj-bratr,https://res.cloudinary.com/dl7e6e4ic/image/upload/q_auto/f_auto/v1780667498/muj_bratr_square_hwee0y.png,2,1
muj-bratr,https://res.cloudinary.com/dl7e6e4ic/image/upload/q_auto/f_auto/v1780667802/muj-bratr-dobrovsky_qgwubs.jpg,1,1
prazacka,https://res.cloudinary.com/dl7e6e4ic/image/upload/q_auto/f_auto/v1780046280/prazacka-cover_grocnd.png,1,1
prazacka,https://res.cloudinary.com/dl7e6e4ic/image/upload/q_auto/f_auto/v1780667032/prazacka_cover_s_za2mgr.jpg,2,1
pribehy,https://res.cloudinary.com/dl7e6e4ic/image/upload/q_auto/f_auto/v1780667031/pribehy_cover_s_b7uqs8.jpg,,1
research-report,https://res.cloudinary.com/dl7e6e4ic/image/upload/q_auto/f_auto/v1780398015/takeaways-screen-4_jcw82e.png,6,1
research-report,https://res.cloudinary.com/dl7e6e4ic/image/upload/q_auto/f_auto/v1780398014/takeaways-screen-3_n5vnlh.png,5,1
research-report,https://res.cloudinary.com/dl7e6e4ic/image/upload/q_auto/f_auto/v1780398018/takeaways-screen-8_rxcl1k.png,4,1
research-report,https://res.cloudinary.com/dl7e6e4ic/image/upload/q_auto/f_auto/v1780398015/takeaways-screen-2_rxzyqu.png,3,1
research-report,https://res.cloudinary.com/dl7e6e4ic/image/upload/q_auto/f_auto/v1780398016/takeaways-screen-5_lnaea9.png,2,1
research-report,https://res.cloudinary.com/dl7e6e4ic/image/upload/q_auto/f_auto/v1780398015/takeaways-screen-6_rvbxlp.png,1,1
schovavana,https://res.cloudinary.com/dl7e6e4ic/image/upload/q_auto/f_auto/v1780667036/schovavana_cover_kopie_s_qofuyr.jpg,,1
uhokynare,https://res.cloudinary.com/dl7e6e4ic/image/upload/q_auto/f_auto/v1780865016/uhokynare-cards_qh555h.jpg,6,1
uhokynare,https://res.cloudinary.com/dl7e6e4ic/image/upload/q_auto/f_auto/v1780263462/uhokynare-leaflet_vn1jba.png,5,1
uhokynare,https://res.cloudinary.com/dl7e6e4ic/image/upload/q_auto/f_auto/v1780865015/uhokynare-granola_c7dw1c.png,4,1
uhokynare,https://res.cloudinary.com/dl7e6e4ic/image/upload/q_auto/f_auto/v1780670321/hokynar-pages-preview_z22b6j.png,3,1
uhokynare,https://res.cloudinary.com/dl7e6e4ic/image/upload/q_auto/f_auto/v1780865016/uhokynare-front_iyz0ht.png,2,1
uhokynare,https://res.cloudinary.com/dl7e6e4ic/image/upload/q_auto/f_auto/v1780865016/uhokynare-store_qriw6e.png,1,1
wrike-digital,https://res.cloudinary.com/dl7e6e4ic/image/upload/q_auto/f_auto/v1780659300/youtube-covers_gjkmdv.png,2,1
wrike-digital,https://res.cloudinary.com/dl7e6e4ic/image/upload/v1780659300/digital-detail_j0zasu.png,1,1
wrike-handouts,https://res.cloudinary.com/dl7e6e4ic/image/upload/v1780659291/walmart-handout_ghzfsu.png,3,1
wrike-handouts,https://res.cloudinary.com/dl7e6e4ic/image/upload/v1780659291/invitation_fsxdi1.jpg,2,1
wrike-handouts,https://res.cloudinary.com/dl7e6e4ic/image/upload/v1780659292/work-management-handout_hyc12f.png,1,1
year-in-review,https://res.cloudinary.com/dl7e6e4ic/image/upload/v1780262585/year-in-review-illustrations_h3tgfe.png,2,1
year-in-review,https://res.cloudinary.com/dl7e6e4ic/image/upload/q_auto/f_auto/v1780262591/yir-laptop-2_mrypic.png,1,1
zeme-na-taliri,https://res.cloudinary.com/dl7e6e4ic/image/upload/q_auto/f_auto/v1780659277/zeme-program1_hadfor.png,3,1
zeme-na-taliri,https://res.cloudinary.com/dl7e6e4ic/image/upload/q_auto/f_auto/v1780659277/zeme-poster2_sitlay.png,2,1
zeme-na-taliri,https://res.cloudinary.com/dl7e6e4ic/image/upload/q_auto/f_auto/v1780659277/zeme-program2_db9fzh.png,1,1
zichovec,https://res.cloudinary.com/dl7e6e4ic/image/upload/q_auto/f_auto/v1780595854/mobile_pvja15.jpg,4,1
zichovec,https://res.cloudinary.com/dl7e6e4ic/image/upload/q_auto/f_auto/v1780913476/zichovec-products_ajrjxw.png,3,1
zichovec,https://res.cloudinary.com/dl7e6e4ic/image/upload/v1780595861/8_ijahma.png,2,1
zichovec,https://res.cloudinary.com/dl7e6e4ic/image/upload/q_auto/f_auto/v1780913476/zichovec-footer_ojyyi2.png,1,1